-- --------------------------------------------------------
-- Hôte:                         127.0.0.1
-- Version du serveur:           8.0.30 - MySQL Community Server - GPL
-- SE du serveur:                Win64
-- HeidiSQL Version:             12.1.0.6537
-- --------------------------------------------------------

/*!40101 SET @OLD_CHARACTER_SET_CLIENT=@@CHARACTER_SET_CLIENT */;
/*!40101 SET NAMES utf8 */;
/*!50503 SET NAMES utf8mb4 */;
/*!40103 SET @OLD_TIME_ZONE=@@TIME_ZONE */;
/*!40103 SET TIME_ZONE='+00:00' */;
/*!40014 SET @OLD_FOREIGN_KEY_CHECKS=@@FOREIGN_KEY_CHECKS, FOREIGN_KEY_CHECKS=0 */;
/*!40101 SET @OLD_SQL_MODE=@@SQL_MODE, SQL_MODE='NO_AUTO_VALUE_ON_ZERO' */;
/*!40111 SET @OLD_SQL_NOTES=@@SQL_NOTES, SQL_NOTES=0 */;


-- Listage de la structure de la base pour mc_sender_db
DROP DATABASE IF EXISTS `mc_sender_db`;
CREATE DATABASE IF NOT EXISTS `mc_sender_db` /*!40100 DEFAULT CHARACTER SET utf8mb4 COLLATE utf8mb4_0900_ai_ci */ /*!80016 DEFAULT ENCRYPTION='N' */;
USE `mc_sender_db`;

-- Listage de la structure de table mc_sender_db. audiences
DROP TABLE IF EXISTS `audiences`;
CREATE TABLE IF NOT EXISTS `audiences` (
  `id` int NOT NULL AUTO_INCREMENT,
  `name` varchar(191) COLLATE utf8mb4_unicode_ci NOT NULL,
  `description` varchar(191) COLLATE utf8mb4_unicode_ci DEFAULT NULL,
  `deleted` tinyint(1) NOT NULL DEFAULT '0',
  `created_at` datetime(3) NOT NULL DEFAULT CURRENT_TIMESTAMP(3),
  `updated_at` datetime(3) NOT NULL,
  PRIMARY KEY (`id`)
) ENGINE=InnoDB AUTO_INCREMENT=21 DEFAULT CHARSET=utf8mb4 COLLATE=utf8mb4_unicode_ci;

-- Listage des données de la table mc_sender_db.audiences : ~20 rows (environ)
INSERT INTO `audiences` (`id`, `name`, `description`, `deleted`, `created_at`, `updated_at`) VALUES
	(1, 'les vieux vieux', 'aucune desc', 0, '2024-09-12 11:33:26.000', '2024-09-17 14:20:34.511'),
	(2, 'oklmboss', NULL, 0, '2024-09-12 10:35:42.566', '2024-09-17 19:35:34.411'),
	(3, 'LES VIEUX JEUNES ', NULL, 0, '2024-09-12 15:29:50.000', '2024-09-12 15:29:54.000'),
	(4, 'oklm', 'la description de oklm', 0, '2024-09-17 11:58:36.333', '2024-09-17 11:58:36.333'),
	(5, '', 'la description de oklm', 0, '2024-09-17 12:01:30.246', '2024-09-17 12:01:30.246'),
	(6, '', '', 0, '2024-09-17 12:01:39.239', '2024-09-17 12:01:39.239'),
	(7, 's', '', 0, '2024-09-17 12:03:05.108', '2024-09-17 12:03:05.108'),
	(8, 'ss', 's', 0, '2024-09-17 12:11:34.422', '2024-09-17 12:11:34.422'),
	(9, 'ss', 's', 0, '2024-09-17 12:11:42.589', '2024-09-17 12:11:42.589'),
	(10, 'ss', 's', 0, '2024-09-17 12:11:47.642', '2024-09-17 12:11:47.642'),
	(11, 'lc', '', 0, '2024-09-17 12:12:16.556', '2024-09-17 12:12:16.556'),
	(12, 'lc', '', 0, '2024-09-17 12:14:21.048', '2024-09-17 12:14:21.048'),
	(13, 'w', '', 0, '2024-09-17 12:14:42.330', '2024-09-17 12:14:42.330'),
	(14, 'wk', '', 0, '2024-09-17 12:15:53.950', '2024-09-17 12:15:53.950'),
	(15, 'dd', '', 0, '2024-09-17 14:17:13.502', '2024-09-17 14:17:13.502'),
	(16, 'dd', '', 0, '2024-09-17 14:17:17.742', '2024-09-17 14:17:17.742'),
	(17, 'dd', '', 0, '2024-09-17 14:17:20.779', '2024-09-17 14:17:20.779'),
	(18, 'dd85', '', 0, '2024-09-17 14:18:28.565', '2024-09-17 14:18:28.565'),
	(19, 'nouvel apli', 'description', 0, '2024-09-17 19:32:21.481', '2024-09-17 19:32:21.481'),
	(20, 'xx', 'ww', 0, '2024-09-22 19:59:09.000', '2024-09-22 19:59:12.000');

-- Listage de la structure de table mc_sender_db. audiences_contacts
DROP TABLE IF EXISTS `audiences_contacts`;
CREATE TABLE IF NOT EXISTS `audiences_contacts` (
  `audience_id` int NOT NULL,
  `contact_id` int NOT NULL,
  PRIMARY KEY (`audience_id`,`contact_id`),
  KEY `audiences_contacts_contact_id_fkey` (`contact_id`),
  CONSTRAINT `audiences_contacts_audience_id_fkey` FOREIGN KEY (`audience_id`) REFERENCES `audiences` (`id`) ON DELETE RESTRICT ON UPDATE CASCADE,
  CONSTRAINT `audiences_contacts_contact_id_fkey` FOREIGN KEY (`contact_id`) REFERENCES `contacts` (`id`) ON DELETE RESTRICT ON UPDATE CASCADE
) ENGINE=InnoDB DEFAULT CHARSET=utf8mb4 COLLATE=utf8mb4_unicode_ci;

-- Listage des données de la table mc_sender_db.audiences_contacts : ~33 rows (environ)
INSERT INTO `audiences_contacts` (`audience_id`, `contact_id`) VALUES
	(1, 1),
	(19, 2),
	(2, 6),
	(19, 7),
	(19, 8),
	(19, 9),
	(2, 10),
	(3, 10),
	(4, 10),
	(5, 10),
	(8, 10),
	(2, 11),
	(3, 11),
	(4, 11),
	(5, 11),
	(8, 11),
	(2, 12),
	(3, 12),
	(4, 12),
	(5, 12),
	(8, 12),
	(2, 13),
	(3, 13),
	(4, 13),
	(5, 13),
	(8, 13),
	(2, 14),
	(3, 14),
	(4, 14),
	(5, 14),
	(2, 15),
	(3, 15),
	(4, 15),
	(4, 16),
	(4, 17);

-- Listage de la structure de table mc_sender_db. campaigns
DROP TABLE IF EXISTS `campaigns`;
CREATE TABLE IF NOT EXISTS `campaigns` (
  `id` int NOT NULL AUTO_INCREMENT,
  `name` varchar(191) COLLATE utf8mb4_unicode_ci NOT NULL,
  `start_date` datetime(3) DEFAULT NULL,
  `end_date` datetime(3) DEFAULT NULL,
  `status` enum('PENDING','COMPLETED','CANCELLED') COLLATE utf8mb4_unicode_ci NOT NULL,
  `user_id` int NOT NULL,
  `company_id` int NOT NULL,
  `deleted` tinyint(1) NOT NULL DEFAULT '0',
  `created_at` datetime(3) NOT NULL DEFAULT CURRENT_TIMESTAMP(3),
  `updated_at` datetime(3) NOT NULL,
  PRIMARY KEY (`id`),
  KEY `campaigns_user_id_fkey` (`user_id`),
  KEY `campaigns_company_id_fkey` (`company_id`),
  CONSTRAINT `campaigns_company_id_fkey` FOREIGN KEY (`company_id`) REFERENCES `companies` (`id`) ON DELETE RESTRICT ON UPDATE CASCADE,
  CONSTRAINT `campaigns_user_id_fkey` FOREIGN KEY (`user_id`) REFERENCES `users` (`id`) ON DELETE RESTRICT ON UPDATE CASCADE
) ENGINE=InnoDB AUTO_INCREMENT=6 DEFAULT CHARSET=utf8mb4 COLLATE=utf8mb4_unicode_ci;

-- Listage des données de la table mc_sender_db.campaigns : ~4 rows (environ)
INSERT INTO `campaigns` (`id`, `name`, `start_date`, `end_date`, `status`, `user_id`, `company_id`, `deleted`, `created_at`, `updated_at`) VALUES
	(1, 'mon premier campagne', '2024-09-23 00:53:43.000', '2024-09-23 00:53:45.000', 'PENDING', 1, 5, 0, '2024-09-12 02:49:03.259', '2024-09-12 03:01:29.823'),
	(2, 'looojhfhfhdhfh', NULL, '2028-09-17 21:20:23.650', 'COMPLETED', 1, 1, 0, '2024-09-12 02:45:56.126', '2024-09-17 21:21:22.971'),
	(4, 'mon premier campagne', NULL, '2025-12-31 00:00:00.000', 'PENDING', 2, 5, 0, '2024-09-12 02:49:14.996', '2024-09-12 03:30:44.684'),
	(5, 'mon premier campagne', NULL, NULL, 'COMPLETED', 2, 2, 0, '2024-09-12 02:49:31.490', '2024-09-12 08:23:02.018');

-- Listage de la structure de table mc_sender_db. channels
DROP TABLE IF EXISTS `channels`;
CREATE TABLE IF NOT EXISTS `channels` (
  `id` int NOT NULL AUTO_INCREMENT,
  `label` varchar(191) COLLATE utf8mb4_unicode_ci NOT NULL,
  `deleted` tinyint(1) NOT NULL DEFAULT '0',
  `created_at` datetime(3) NOT NULL DEFAULT CURRENT_TIMESTAMP(3),
  `updated_at` datetime(3) NOT NULL,
  PRIMARY KEY (`id`)
) ENGINE=InnoDB AUTO_INCREMENT=5 DEFAULT CHARSET=utf8mb4 COLLATE=utf8mb4_unicode_ci;

-- Listage des données de la table mc_sender_db.channels : ~3 rows (environ)
INSERT INTO `channels` (`id`, `label`, `deleted`, `created_at`, `updated_at`) VALUES
	(1, 'Reseau social', 0, '2024-09-12 08:48:37.055', '2024-09-17 15:06:44.244'),
	(2, 'Email', 0, '2024-09-12 08:48:59.704', '2024-09-17 15:06:50.975'),
	(3, 'SMS', 0, '2024-09-12 08:49:06.871', '2024-09-17 15:06:56.214');

-- Listage de la structure de table mc_sender_db. companies
DROP TABLE IF EXISTS `companies`;
CREATE TABLE IF NOT EXISTS `companies` (
  `id` int NOT NULL AUTO_INCREMENT,
  `name` varchar(191) COLLATE utf8mb4_unicode_ci NOT NULL,
  `description` varchar(191) COLLATE utf8mb4_unicode_ci DEFAULT NULL,
  `link_fb` varchar(191) COLLATE utf8mb4_unicode_ci DEFAULT NULL,
  `link_tiktok` varchar(191) COLLATE utf8mb4_unicode_ci DEFAULT NULL,
  `secondary_color` varchar(191) COLLATE utf8mb4_unicode_ci DEFAULT NULL,
  `primary_color` varchar(191) COLLATE utf8mb4_unicode_ci DEFAULT NULL,
  `tertiary_color` varchar(191) COLLATE utf8mb4_unicode_ci DEFAULT NULL,
  `phone` varchar(191) COLLATE utf8mb4_unicode_ci DEFAULT NULL,
  `whatsapp` varchar(191) COLLATE utf8mb4_unicode_ci DEFAULT NULL,
  `location` varchar(191) COLLATE utf8mb4_unicode_ci DEFAULT NULL,
  `deleted` tinyint(1) NOT NULL DEFAULT '0',
  `created_at` datetime(3) NOT NULL DEFAULT CURRENT_TIMESTAMP(3),
  `updated_at` datetime(3) NOT NULL,
  `link` varchar(191) COLLATE utf8mb4_unicode_ci DEFAULT NULL,
  `link_insta` varchar(191) COLLATE utf8mb4_unicode_ci DEFAULT NULL,
  `link_pinterest` varchar(191) COLLATE utf8mb4_unicode_ci DEFAULT NULL,
  `link_twit` varchar(191) COLLATE utf8mb4_unicode_ci DEFAULT NULL,
  `link_youtube` varchar(191) COLLATE utf8mb4_unicode_ci DEFAULT NULL,
  PRIMARY KEY (`id`)
) ENGINE=InnoDB AUTO_INCREMENT=8 DEFAULT CHARSET=utf8mb4 COLLATE=utf8mb4_unicode_ci;

-- Listage des données de la table mc_sender_db.companies : ~7 rows (environ)
INSERT INTO `companies` (`id`, `name`, `description`, `link_fb`, `link_tiktok`, `secondary_color`, `primary_color`, `tertiary_color`, `phone`, `whatsapp`, `location`, `deleted`, `created_at`, `updated_at`, `link`, `link_insta`, `link_pinterest`, `link_twit`, `link_youtube`) VALUES
	(1, 'PActh', 'D', NULL, NULL, 'oCC', 'BCo', 'B', 'OKL', 'PActh', 'KJ', 0, '2024-09-11 22:12:39.542', '2024-09-11 22:53:41.582', 'https://www.google.com/', 'https://www.google.com/', 'https://www.google.com/', 'https://www.google.com/', 'https://www.google.com/'),
	(2, 'PActh', 'PActh', 'PActh', 'PActh', 'PActh', 'PActh', 'PActh', 'PActh', 'PActh', 'PActh', 0, '2024-09-11 22:13:14.682', '2024-09-11 22:47:45.244', NULL, NULL, NULL, NULL, NULL),
	(3, 'BCo', 'BoC', NULL, NULL, NULL, 'BCo', 'oCC', 'BCo', 'oCC', 'oCC', 0, '2024-09-11 22:19:49.188', '2024-09-11 22:19:49.188', NULL, NULL, NULL, NULL, NULL),
	(4, 'BCo', 'BoC', NULL, NULL, NULL, NULL, 'oCC', 'BCo', 'oCC', 'oCC', 0, '2024-09-11 22:22:40.486', '2024-09-11 22:22:40.486', NULL, NULL, NULL, NULL, NULL),
	(5, 'BCo', 'BoC', NULL, NULL, NULL, NULL, NULL, NULL, NULL, NULL, 0, '2024-09-11 22:41:54.290', '2024-09-11 22:41:54.290', 'https://www.google.com/', 'https://www.google.com/', 'https://www.google.com/', 'https://www.google.com/', 'https://www.google.com/'),
	(6, 'hhhhh', 'hjlm', NULL, NULL, NULL, NULL, NULL, NULL, NULL, NULL, 0, '2024-09-17 16:23:28.445', '2024-09-17 16:23:28.445', NULL, NULL, NULL, NULL, NULL),
	(7, 'hhhhhj', 'hjlm', NULL, NULL, NULL, NULL, NULL, NULL, NULL, NULL, 0, '2024-09-17 16:24:19.091', '2024-09-17 16:24:19.091', NULL, NULL, NULL, NULL, NULL);

-- Listage de la structure de table mc_sender_db. contacts
DROP TABLE IF EXISTS `contacts`;
CREATE TABLE IF NOT EXISTS `contacts` (
  `id` int NOT NULL AUTO_INCREMENT,
  `name` varchar(191) COLLATE utf8mb4_unicode_ci DEFAULT NULL,
  `username` varchar(191) COLLATE utf8mb4_unicode_ci DEFAULT NULL,
  `email` varchar(191) COLLATE utf8mb4_unicode_ci NOT NULL,
  `phone` varchar(191) COLLATE utf8mb4_unicode_ci NOT NULL,
  `source` varchar(191) COLLATE utf8mb4_unicode_ci DEFAULT NULL,
  `deleted` tinyint(1) NOT NULL DEFAULT '0',
  `created_at` datetime(3) NOT NULL DEFAULT CURRENT_TIMESTAMP(3),
  `updated_at` datetime(3) NOT NULL,
  PRIMARY KEY (`id`),
  UNIQUE KEY `contacts_email_key` (`email`)
) ENGINE=InnoDB AUTO_INCREMENT=20 DEFAULT CHARSET=utf8mb4 COLLATE=utf8mb4_unicode_ci;

-- Listage des données de la table mc_sender_db.contacts : ~19 rows (environ)
INSERT INTO `contacts` (`id`, `name`, `username`, `email`, `phone`, `source`, `deleted`, `created_at`, `updated_at`) VALUES
	(1, 'donne', 'lachilo', 'expeditlachilo@gmail.com', '52401574', 'hhhh', 0, '2023-09-12 12:42:05.000', '2024-09-12 15:24:34.352'),
	(2, 'decision', 'bro', 'oklm@gmail.com', '41801974', 'xxx', 0, '2024-09-12 12:42:54.000', '2024-09-12 15:24:34.563'),
	(3, 'dechange', 'cccccc', 'jds@gmail.com', 'ddddddd', 'ssssss', 0, '2024-09-12 16:07:43.000', '2024-09-12 15:24:34.572'),
	(4, 'donne', 'lachilo', 'expeditlachilop@gmail.com', '52401574', 'hhhh', 0, '2024-09-12 15:26:30.756', '2024-09-12 15:27:55.915'),
	(5, 'decision', 'bro', 'oklmp@gmail.com', '41801974', 'xxx', 0, '2024-09-12 15:26:30.803', '2024-09-12 15:27:55.927'),
	(6, 'dechange', 'cccccc', 'jdsp@gmail.com', 'ddddddd', 'ssssss', 0, '2024-09-12 15:26:30.815', '2024-09-12 15:27:55.937'),
	(7, 'r8rrh', '', 'oklmbhh1@gmail.com', '', '', 0, '2024-09-17 21:09:55.508', '2024-09-17 21:09:55.508'),
	(8, 'rr5rh', '', 'oklmbh2h@gmail.com', '', '', 0, '2024-09-17 21:09:55.599', '2024-09-17 21:09:55.599'),
	(9, 'rr4rh', '', 'oklmbhh3@gmail.com', '', '', 0, '2024-09-17 21:09:55.610', '2024-09-17 21:09:55.610'),
	(10, 'oll', 'bro', 'expedit@gmail.com', '52401574', '', 0, '2024-09-20 15:37:31.808', '2024-09-23 14:27:22.125'),
	(11, 'oll', 'bro', 'exddpedit@gmail.com', '52401574', '', 0, '2024-09-20 15:37:31.960', '2024-09-23 14:27:22.279'),
	(12, 'oll', 'bro', 'expesdit@gmail.com', '52401574', '', 0, '2024-09-20 15:37:31.972', '2024-09-23 14:27:22.293'),
	(13, 'oll', 'bro', 'expedidt@gmail.com', '52401574', '', 0, '2024-09-20 15:37:31.983', '2024-09-23 14:27:22.311'),
	(14, 'oll', 'bro', 'expdedit@gmail.com', '52401574', '', 0, '2024-09-20 15:37:31.996', '2024-09-23 14:27:22.323'),
	(15, 'oll', 'bro', 'expjedit@gmail.com', '52401574', '', 0, '2024-09-20 15:37:32.008', '2024-09-23 14:27:22.332'),
	(16, 'oll', 'bro', 'expjgedit@gmail.com', '52401574', '', 0, '2024-09-20 15:37:32.016', '2024-09-23 14:27:22.343'),
	(17, 'oll', 'bro', 'expediiiit@gmail.com', '52401574', '', 0, '2024-09-20 15:37:32.026', '2024-09-23 14:27:22.367'),
	(18, NULL, '', 'expediit@gmail.com', '', '', 0, '2024-09-20 15:37:32.035', '2024-09-20 15:54:56.248'),
	(19, 'oll', 'bro', 'expeditlachilo796@gmail.com', '52401574', '', 0, '2024-09-20 15:54:56.197', '2024-09-20 15:54:56.197');

-- Listage de la structure de table mc_sender_db. interact_types
DROP TABLE IF EXISTS `interact_types`;
CREATE TABLE IF NOT EXISTS `interact_types` (
  `id` int NOT NULL AUTO_INCREMENT,
  `label` varchar(191) COLLATE utf8mb4_unicode_ci NOT NULL,
  `deleted` tinyint(1) NOT NULL DEFAULT '0',
  `created_at` datetime(3) NOT NULL DEFAULT CURRENT_TIMESTAMP(3),
  `updated_at` datetime(3) NOT NULL,
  PRIMARY KEY (`id`)
) ENGINE=InnoDB AUTO_INCREMENT=2 DEFAULT CHARSET=utf8mb4 COLLATE=utf8mb4_unicode_ci;

-- Listage des données de la table mc_sender_db.interact_types : ~0 rows (environ)
INSERT INTO `interact_types` (`id`, `label`, `deleted`, `created_at`, `updated_at`) VALUES
	(1, 'oklm1', 1, '2024-09-12 13:21:55.000', '2024-09-19 09:34:03.388');

-- Listage de la structure de table mc_sender_db. messages
DROP TABLE IF EXISTS `messages`;
CREATE TABLE IF NOT EXISTS `messages` (
  `id` int NOT NULL AUTO_INCREMENT,
  `object` varchar(191) COLLATE utf8mb4_unicode_ci NOT NULL,
  `content` varchar(191) COLLATE utf8mb4_unicode_ci NOT NULL,
  `status` enum('PENDING','SENT','FAILED') COLLATE utf8mb4_unicode_ci NOT NULL,
  `channel_id` int NOT NULL,
  `campaign_id` int NOT NULL,
  `audience_id` int NOT NULL,
  `deleted` tinyint(1) NOT NULL DEFAULT '0',
  `created_at` datetime(3) NOT NULL DEFAULT CURRENT_TIMESTAMP(3),
  `updated_at` datetime(3) NOT NULL,
  `scheduled` tinyint(1) NOT NULL DEFAULT '0',
  `scheduled_date` datetime(3) DEFAULT NULL,
  PRIMARY KEY (`id`),
  KEY `messages_channel_id_fkey` (`channel_id`),
  KEY `messages_campaign_id_fkey` (`campaign_id`),
  KEY `messages_audience_id_fkey` (`audience_id`),
  CONSTRAINT `messages_audience_id_fkey` FOREIGN KEY (`audience_id`) REFERENCES `audiences` (`id`) ON DELETE RESTRICT ON UPDATE CASCADE,
  CONSTRAINT `messages_campaign_id_fkey` FOREIGN KEY (`campaign_id`) REFERENCES `campaigns` (`id`) ON DELETE RESTRICT ON UPDATE CASCADE,
  CONSTRAINT `messages_channel_id_fkey` FOREIGN KEY (`channel_id`) REFERENCES `channels` (`id`) ON DELETE RESTRICT ON UPDATE CASCADE
) ENGINE=InnoDB AUTO_INCREMENT=14 DEFAULT CHARSET=utf8mb4 COLLATE=utf8mb4_unicode_ci;

-- Listage des données de la table mc_sender_db.messages : ~7 rows (environ)
INSERT INTO `messages` (`id`, `object`, `content`, `status`, `channel_id`, `campaign_id`, `audience_id`, `deleted`, `created_at`, `updated_at`, `scheduled`, `scheduled_date`) VALUES
	(1, 'Lorem ipsum, dolor sit amet consectetur adipisicing elit. Magnam voluptatibus dolore', 'Lorem ipsum, dolor sit amet consectetur adipisicing elit. Magnam voluptatibus doloremqu', 'SENT', 3, 2, 2, 0, '2024-09-12 11:34:47.000', '2024-09-23 14:20:00.140', 0, '2024-09-23 14:20:00.000'),
	(2, 'objet 2', 'famine', 'PENDING', 1, 4, 2, 0, '2024-09-12 11:37:47.000', '2024-09-22 18:58:00.398', 0, '2024-09-22 18:58:00.000'),
	(3, 'OBJET 3', 'CONTENU 3', 'SENT', 2, 4, 1, 0, '2024-09-12 14:48:07.000', '2024-09-23 07:49:00.242', 0, '2024-09-23 07:49:00.000'),
	(4, 'mon objet', 'mon objet', 'PENDING', 1, 2, 1, 0, '2024-09-12 16:01:17.284', '2024-09-22 18:58:00.437', 0, '2024-09-22 18:58:00.000'),
	(11, 'hhhhhj', 'hjlm', 'PENDING', 1, 2, 1, 0, '2024-09-17 17:37:47.740', '2024-09-22 18:58:00.480', 0, '2024-09-22 18:58:00.000'),
	(12, 'hhhhhj', 'hjlm', 'PENDING', 1, 2, 1, 0, '2024-09-17 17:38:12.847', '2024-09-22 18:58:00.529', 0, '2024-09-22 18:58:00.000'),
	(13, 'hhhhhj', 'hjlm', 'PENDING', 1, 2, 1, 0, '2024-09-17 17:38:15.579', '2024-09-22 18:58:00.566', 0, '2024-09-22 18:58:00.000');

-- Listage de la structure de table mc_sender_db. message_contacts
DROP TABLE IF EXISTS `message_contacts`;
CREATE TABLE IF NOT EXISTS `message_contacts` (
  `id` int NOT NULL AUTO_INCREMENT,
  `interact_date` datetime(3) NOT NULL,
  `message_id` int NOT NULL,
  `contact_id` int NOT NULL,
  `interact_type_id` int NOT NULL,
  `deleted` tinyint(1) NOT NULL DEFAULT '0',
  `created_at` datetime(3) NOT NULL DEFAULT CURRENT_TIMESTAMP(3),
  `updated_at` datetime(3) NOT NULL,
  `hasRecevedMsg` tinyint(1) NOT NULL DEFAULT '1',
  PRIMARY KEY (`id`),
  KEY `message_contacts_message_id_fkey` (`message_id`),
  KEY `message_contacts_contact_id_fkey` (`contact_id`),
  KEY `message_contacts_interact_type_id_fkey` (`interact_type_id`),
  CONSTRAINT `message_contacts_contact_id_fkey` FOREIGN KEY (`contact_id`) REFERENCES `contacts` (`id`) ON DELETE RESTRICT ON UPDATE CASCADE,
  CONSTRAINT `message_contacts_interact_type_id_fkey` FOREIGN KEY (`interact_type_id`) REFERENCES `interact_types` (`id`) ON DELETE RESTRICT ON UPDATE CASCADE,
  CONSTRAINT `message_contacts_message_id_fkey` FOREIGN KEY (`message_id`) REFERENCES `messages` (`id`) ON DELETE RESTRICT ON UPDATE CASCADE
) ENGINE=InnoDB AUTO_INCREMENT=336 DEFAULT CHARSET=utf8mb4 COLLATE=utf8mb4_unicode_ci;

-- Listage des données de la table mc_sender_db.message_contacts : ~150 rows (environ)
INSERT INTO `message_contacts` (`id`, `interact_date`, `message_id`, `contact_id`, `interact_type_id`, `deleted`, `created_at`, `updated_at`, `hasRecevedMsg`) VALUES
	(1, '2024-09-12 13:22:05.000', 1, 1, 1, 0, '2024-09-12 13:22:15.000', '2024-09-12 13:22:16.000', 1),
	(2, '2024-09-12 13:22:21.000', 2, 1, 1, 0, '2024-09-12 13:22:36.000', '2024-09-12 13:22:37.000', 1),
	(3, '2024-09-22 07:49:13.764', 11, 1, 1, 0, '2024-09-22 07:49:13.766', '2024-09-22 07:49:13.766', 1),
	(4, '2024-09-22 07:49:20.420', 1, 14, 1, 0, '2024-09-22 07:49:20.422', '2024-09-22 07:49:20.422', 1),
	(5, '2024-09-22 07:49:20.420', 1, 10, 1, 0, '2024-09-22 07:49:20.422', '2024-09-22 07:49:20.422', 0),
	(6, '2024-09-22 07:49:20.435', 1, 17, 1, 0, '2024-09-22 07:49:20.438', '2024-09-22 07:49:20.438', 1),
	(7, '2024-09-22 07:49:20.435', 1, 15, 1, 0, '2024-09-22 07:49:20.438', '2024-09-22 07:49:20.438', 0),
	(8, '2024-09-22 07:49:20.435', 1, 18, 1, 0, '2024-09-22 07:49:20.438', '2024-09-22 07:49:20.438', 0),
	(9, '2024-09-22 07:49:20.435', 1, 13, 1, 0, '2024-09-22 07:49:20.438', '2024-09-22 07:49:20.438', 1),
	(10, '2024-09-22 07:49:20.463', 1, 11, 1, 0, '2024-09-22 07:49:20.464', '2024-09-22 07:49:20.464', 1),
	(11, '2024-09-22 07:49:20.481', 1, 6, 1, 0, '2024-09-22 07:49:20.483', '2024-09-22 07:49:20.483', 1),
	(12, '2024-09-22 07:49:20.481', 1, 16, 1, 0, '2024-09-22 07:49:20.483', '2024-09-22 07:49:20.483', 1),
	(13, '2024-09-22 07:49:20.481', 1, 12, 1, 0, '2024-09-22 07:49:20.483', '2024-09-22 07:49:20.483', 1),
	(14, '2024-09-22 18:40:20.759', 1, 17, 1, 0, '2024-09-22 18:40:20.762', '2024-09-22 18:40:20.762', 1),
	(15, '2024-09-22 18:40:20.759', 1, 15, 1, 0, '2024-09-22 18:40:20.762', '2024-09-22 18:40:20.762', 1),
	(16, '2024-09-22 18:40:20.759', 1, 14, 1, 0, '2024-09-22 18:40:20.762', '2024-09-22 18:40:20.762', 1),
	(17, '2024-09-22 18:40:20.759', 1, 16, 1, 0, '2024-09-22 18:40:20.762', '2024-09-22 18:40:20.762', 1),
	(18, '2024-09-22 18:40:20.759', 1, 12, 1, 0, '2024-09-22 18:40:20.762', '2024-09-22 18:40:20.762', 1),
	(19, '2024-09-22 18:40:20.759', 1, 18, 1, 0, '2024-09-22 18:40:20.762', '2024-09-22 18:40:20.762', 1),
	(20, '2024-09-22 18:40:20.953', 1, 13, 1, 0, '2024-09-22 18:40:20.955', '2024-09-22 18:40:20.955', 1),
	(21, '2024-09-22 18:40:20.953', 1, 10, 1, 0, '2024-09-22 18:40:20.955', '2024-09-22 18:40:20.955', 1),
	(22, '2024-09-22 18:40:20.953', 1, 11, 1, 0, '2024-09-22 18:40:20.956', '2024-09-22 18:40:20.956', 1),
	(23, '2024-09-22 18:40:20.953', 1, 6, 1, 0, '2024-09-22 18:40:20.955', '2024-09-22 18:40:20.955', 1),
	(24, '2024-09-22 18:40:21.068', 2, 11, 1, 0, '2024-09-22 18:40:21.070', '2024-09-22 18:40:21.070', 1),
	(25, '2024-09-22 18:40:21.068', 2, 6, 1, 0, '2024-09-22 18:40:21.072', '2024-09-22 18:40:21.072', 1),
	(26, '2024-09-22 18:40:21.068', 2, 17, 1, 0, '2024-09-22 18:40:21.076', '2024-09-22 18:40:21.076', 1),
	(27, '2024-09-22 18:40:21.068', 2, 13, 1, 0, '2024-09-22 18:40:21.076', '2024-09-22 18:40:21.076', 1),
	(28, '2024-09-22 18:40:21.068', 2, 18, 1, 0, '2024-09-22 18:40:21.078', '2024-09-22 18:40:21.078', 1),
	(29, '2024-09-22 18:40:21.068', 2, 16, 1, 0, '2024-09-22 18:40:21.079', '2024-09-22 18:40:21.079', 1),
	(30, '2024-09-22 18:40:21.068', 2, 10, 1, 0, '2024-09-22 18:40:21.080', '2024-09-22 18:40:21.080', 1),
	(31, '2024-09-22 18:40:21.068', 2, 12, 1, 0, '2024-09-22 18:40:21.079', '2024-09-22 18:40:21.079', 1),
	(32, '2024-09-22 18:40:21.081', 2, 14, 1, 0, '2024-09-22 18:40:21.083', '2024-09-22 18:40:21.083', 1),
	(33, '2024-09-22 18:40:21.068', 2, 15, 1, 0, '2024-09-22 18:40:21.079', '2024-09-22 18:40:21.079', 1),
	(34, '2024-09-22 18:40:21.138', 3, 1, 1, 0, '2024-09-22 18:40:21.140', '2024-09-22 18:40:21.140', 1),
	(35, '2024-09-22 18:51:00.094', 3, 1, 1, 0, '2024-09-22 18:51:00.095', '2024-09-22 18:51:00.095', 1),
	(36, '2024-09-22 18:54:00.080', 3, 1, 1, 0, '2024-09-22 18:54:00.081', '2024-09-22 18:54:00.081', 1),
	(37, '2024-09-22 18:58:00.231', 1, 15, 1, 0, '2024-09-22 18:58:00.233', '2024-09-22 18:58:00.233', 1),
	(38, '2024-09-22 18:58:00.230', 1, 6, 1, 0, '2024-09-22 18:58:00.233', '2024-09-22 18:58:00.233', 1),
	(39, '2024-09-22 18:58:00.231', 1, 14, 1, 0, '2024-09-22 18:58:00.233', '2024-09-22 18:58:00.233', 1),
	(40, '2024-09-22 18:58:00.230', 1, 16, 1, 0, '2024-09-22 18:58:00.233', '2024-09-22 18:58:00.233', 1),
	(41, '2024-09-22 18:58:00.230', 1, 18, 1, 0, '2024-09-22 18:58:00.233', '2024-09-22 18:58:00.233', 1),
	(42, '2024-09-22 18:58:00.230', 1, 17, 1, 0, '2024-09-22 18:58:00.233', '2024-09-22 18:58:00.233', 1),
	(43, '2024-09-22 18:58:00.262', 1, 12, 1, 0, '2024-09-22 18:58:00.264', '2024-09-22 18:58:00.264', 1),
	(44, '2024-09-22 18:58:00.262', 1, 11, 1, 0, '2024-09-22 18:58:00.264', '2024-09-22 18:58:00.264', 1),
	(45, '2024-09-22 18:58:00.261', 1, 13, 1, 0, '2024-09-22 18:58:00.264', '2024-09-22 18:58:00.264', 1),
	(46, '2024-09-22 18:58:00.262', 1, 10, 1, 0, '2024-09-22 18:58:00.264', '2024-09-22 18:58:00.264', 1),
	(47, '2024-09-22 18:58:00.367', 2, 10, 1, 0, '2024-09-22 18:58:00.371', '2024-09-22 18:58:00.371', 1),
	(48, '2024-09-22 18:58:00.369', 2, 13, 1, 0, '2024-09-22 18:58:00.372', '2024-09-22 18:58:00.372', 1),
	(49, '2024-09-22 18:58:00.369', 2, 18, 1, 0, '2024-09-22 18:58:00.372', '2024-09-22 18:58:00.372', 1),
	(50, '2024-09-22 18:58:00.367', 2, 11, 1, 0, '2024-09-22 18:58:00.371', '2024-09-22 18:58:00.371', 1),
	(51, '2024-09-22 18:58:00.367', 2, 14, 1, 0, '2024-09-22 18:58:00.372', '2024-09-22 18:58:00.372', 1),
	(52, '2024-09-22 18:58:00.369', 2, 6, 1, 0, '2024-09-22 18:58:00.373', '2024-09-22 18:58:00.373', 1),
	(53, '2024-09-22 18:58:00.369', 2, 17, 1, 0, '2024-09-22 18:58:00.373', '2024-09-22 18:58:00.373', 1),
	(54, '2024-09-22 18:58:00.368', 2, 12, 1, 0, '2024-09-22 18:58:00.373', '2024-09-22 18:58:00.373', 1),
	(55, '2024-09-22 18:58:00.367', 2, 16, 1, 0, '2024-09-22 18:58:00.373', '2024-09-22 18:58:00.373', 1),
	(56, '2024-09-22 18:58:00.377', 2, 15, 1, 0, '2024-09-22 18:58:00.382', '2024-09-22 18:58:00.382', 1),
	(57, '2024-09-22 18:58:00.429', 4, 1, 1, 0, '2024-09-22 18:58:00.431', '2024-09-22 18:58:00.431', 1),
	(58, '2024-09-22 18:58:00.470', 11, 1, 1, 0, '2024-09-22 18:58:00.473', '2024-09-22 18:58:00.473', 1),
	(59, '2024-09-22 18:58:00.520', 12, 1, 1, 0, '2024-09-22 18:58:00.522', '2024-09-22 18:58:00.522', 1),
	(60, '2024-09-22 18:58:00.557', 13, 1, 1, 0, '2024-09-22 18:58:00.559', '2024-09-22 18:58:00.559', 1),
	(61, '2024-09-22 22:52:20.323', 1, 15, 1, 0, '2024-09-22 22:52:20.327', '2024-09-22 22:52:20.327', 1),
	(62, '2024-09-22 22:52:20.322', 1, 6, 1, 0, '2024-09-22 22:52:20.327', '2024-09-22 22:52:20.327', 1),
	(63, '2024-09-22 22:52:20.322', 1, 14, 1, 0, '2024-09-22 22:52:20.327', '2024-09-22 22:52:20.327', 1),
	(64, '2024-09-22 22:52:20.323', 1, 16, 1, 0, '2024-09-22 22:52:20.327', '2024-09-22 22:52:20.327', 1),
	(65, '2024-09-22 22:52:20.323', 1, 18, 1, 0, '2024-09-22 22:52:20.338', '2024-09-22 22:52:20.338', 1),
	(66, '2024-09-22 22:52:20.323', 1, 17, 1, 0, '2024-09-22 22:52:20.337', '2024-09-22 22:52:20.337', 1),
	(67, '2024-09-22 22:52:20.456', 1, 13, 1, 0, '2024-09-22 22:52:20.460', '2024-09-22 22:52:20.460', 1),
	(68, '2024-09-22 22:52:20.457', 1, 12, 1, 0, '2024-09-22 22:52:20.460', '2024-09-22 22:52:20.460', 1),
	(69, '2024-09-22 22:52:20.456', 1, 10, 1, 0, '2024-09-22 22:52:20.460', '2024-09-22 22:52:20.460', 1),
	(70, '2024-09-22 22:52:20.457', 1, 11, 1, 0, '2024-09-22 22:52:20.460', '2024-09-22 22:52:20.460', 1),
	(71, '2024-09-22 22:52:30.081', 1, 6, 1, 0, '2024-09-22 22:52:30.083', '2024-09-22 22:52:30.083', 1),
	(72, '2024-09-22 22:52:30.081', 1, 17, 1, 0, '2024-09-22 22:52:30.083', '2024-09-22 22:52:30.083', 1),
	(73, '2024-09-22 22:52:30.081', 1, 12, 1, 0, '2024-09-22 22:52:30.084', '2024-09-22 22:52:30.084', 1),
	(74, '2024-09-22 22:52:30.081', 1, 16, 1, 0, '2024-09-22 22:52:30.083', '2024-09-22 22:52:30.083', 1),
	(75, '2024-09-22 22:52:30.081', 1, 10, 1, 0, '2024-09-22 22:52:30.083', '2024-09-22 22:52:30.083', 1),
	(76, '2024-09-22 22:52:30.081', 1, 18, 1, 0, '2024-09-22 22:52:30.084', '2024-09-22 22:52:30.084', 1),
	(77, '2024-09-22 22:52:30.081', 1, 14, 1, 0, '2024-09-22 22:52:30.085', '2024-09-22 22:52:30.085', 1),
	(78, '2024-09-22 22:52:30.081', 1, 15, 1, 0, '2024-09-22 22:52:30.085', '2024-09-22 22:52:30.085', 1),
	(79, '2024-09-22 22:52:30.081', 1, 13, 1, 0, '2024-09-22 22:52:30.085', '2024-09-22 22:52:30.085', 1),
	(80, '2024-09-22 22:52:30.091', 1, 11, 1, 0, '2024-09-22 22:52:30.094', '2024-09-22 22:52:30.094', 1),
	(81, '2024-09-22 22:53:11.482', 1, 6, 1, 0, '2024-09-22 22:53:11.493', '2024-09-22 22:53:11.493', 1),
	(82, '2024-09-22 22:53:11.485', 1, 11, 1, 0, '2024-09-22 22:53:11.493', '2024-09-22 22:53:11.493', 1),
	(83, '2024-09-22 22:53:11.482', 1, 10, 1, 0, '2024-09-22 22:53:11.493', '2024-09-22 22:53:11.493', 1),
	(84, '2024-09-22 22:53:11.485', 1, 12, 1, 0, '2024-09-22 22:53:11.495', '2024-09-22 22:53:11.495', 1),
	(85, '2024-09-22 22:53:11.485', 1, 13, 1, 0, '2024-09-22 22:53:11.495', '2024-09-22 22:53:11.495', 1),
	(86, '2024-09-22 22:53:11.485', 1, 15, 1, 0, '2024-09-22 22:53:11.499', '2024-09-22 22:53:11.499', 1),
	(87, '2024-09-22 22:53:11.485', 1, 14, 1, 0, '2024-09-22 22:53:11.499', '2024-09-22 22:53:11.499', 1),
	(88, '2024-09-22 22:53:11.485', 1, 16, 1, 0, '2024-09-22 22:53:11.499', '2024-09-22 22:53:11.499', 1),
	(89, '2024-09-22 22:53:11.486', 1, 18, 1, 0, '2024-09-22 22:53:11.500', '2024-09-22 22:53:11.500', 1),
	(90, '2024-09-22 22:53:11.485', 1, 17, 1, 0, '2024-09-22 22:53:11.500', '2024-09-22 22:53:11.500', 1),
	(91, '2024-09-22 22:53:11.486', 1, 10, 1, 0, '2024-09-22 22:53:11.500', '2024-09-22 22:53:11.500', 1),
	(92, '2024-09-22 22:53:11.486', 1, 6, 1, 0, '2024-09-22 22:53:11.500', '2024-09-22 22:53:11.500', 1),
	(93, '2024-09-22 22:53:11.486', 1, 11, 1, 0, '2024-09-22 22:53:11.501', '2024-09-22 22:53:11.501', 1),
	(94, '2024-09-22 22:53:11.487', 1, 13, 1, 0, '2024-09-22 22:53:11.501', '2024-09-22 22:53:11.501', 1),
	(95, '2024-09-22 22:53:11.486', 1, 14, 1, 0, '2024-09-22 22:53:11.501', '2024-09-22 22:53:11.501', 1),
	(96, '2024-09-22 22:53:11.487', 1, 12, 1, 0, '2024-09-22 22:53:11.501', '2024-09-22 22:53:11.501', 1),
	(97, '2024-09-22 22:53:11.487', 1, 15, 1, 0, '2024-09-22 22:53:11.502', '2024-09-22 22:53:11.502', 1),
	(98, '2024-09-22 22:53:11.487', 1, 16, 1, 0, '2024-09-22 22:53:11.502', '2024-09-22 22:53:11.502', 1),
	(99, '2024-09-22 22:53:11.487', 1, 17, 1, 0, '2024-09-22 22:53:11.502', '2024-09-22 22:53:11.502', 1),
	(100, '2024-09-22 22:53:11.545', 1, 18, 1, 0, '2024-09-22 22:53:11.547', '2024-09-22 22:53:11.547', 1),
	(101, '2024-09-22 22:53:11.673', 1, 10, 1, 0, '2024-09-22 22:53:11.677', '2024-09-22 22:53:11.677', 1),
	(102, '2024-09-22 22:53:11.673', 1, 6, 1, 0, '2024-09-22 22:53:11.677', '2024-09-22 22:53:11.677', 1),
	(103, '2024-09-22 22:53:11.673', 1, 11, 1, 0, '2024-09-22 22:53:11.678', '2024-09-22 22:53:11.678', 1),
	(104, '2024-09-22 22:53:11.673', 1, 12, 1, 0, '2024-09-22 22:53:11.679', '2024-09-22 22:53:11.679', 1),
	(105, '2024-09-22 22:53:11.673', 1, 13, 1, 0, '2024-09-22 22:53:11.680', '2024-09-22 22:53:11.680', 1),
	(106, '2024-09-22 22:53:11.674', 1, 14, 1, 0, '2024-09-22 22:53:11.680', '2024-09-22 22:53:11.680', 1),
	(107, '2024-09-22 22:53:11.674', 1, 15, 1, 0, '2024-09-22 22:53:11.680', '2024-09-22 22:53:11.680', 1),
	(108, '2024-09-22 22:53:11.674', 1, 18, 1, 0, '2024-09-22 22:53:11.681', '2024-09-22 22:53:11.681', 1),
	(109, '2024-09-22 22:53:11.674', 1, 17, 1, 0, '2024-09-22 22:53:11.681', '2024-09-22 22:53:11.681', 1),
	(110, '2024-09-22 22:53:11.674', 1, 16, 1, 0, '2024-09-22 22:53:11.680', '2024-09-22 22:53:11.680', 1),
	(111, '2024-09-22 22:55:05.077', 1, 15, 1, 0, '2024-09-22 22:55:05.080', '2024-09-22 22:55:05.080', 1),
	(112, '2024-09-22 22:55:05.077', 1, 6, 1, 0, '2024-09-22 22:55:05.080', '2024-09-22 22:55:05.080', 1),
	(113, '2024-09-22 22:55:05.078', 1, 16, 1, 0, '2024-09-22 22:55:05.080', '2024-09-22 22:55:05.080', 1),
	(114, '2024-09-22 22:55:05.077', 1, 14, 1, 0, '2024-09-22 22:55:05.081', '2024-09-22 22:55:05.081', 1),
	(115, '2024-09-22 22:55:05.078', 1, 17, 1, 0, '2024-09-22 22:55:05.080', '2024-09-22 22:55:05.080', 1),
	(116, '2024-09-22 22:55:05.078', 1, 12, 1, 0, '2024-09-22 22:55:05.081', '2024-09-22 22:55:05.081', 1),
	(117, '2024-09-22 22:55:05.077', 1, 10, 1, 0, '2024-09-22 22:55:05.081', '2024-09-22 22:55:05.081', 1),
	(118, '2024-09-22 22:55:05.078', 1, 18, 1, 0, '2024-09-22 22:55:05.081', '2024-09-22 22:55:05.081', 1),
	(119, '2024-09-22 22:55:05.084', 1, 11, 1, 0, '2024-09-22 22:55:05.086', '2024-09-22 22:55:05.086', 1),
	(120, '2024-09-22 22:55:05.078', 1, 13, 1, 0, '2024-09-22 22:55:05.082', '2024-09-22 22:55:05.082', 1),
	(121, '2024-09-22 22:56:00.088', 1, 11, 1, 0, '2024-09-22 22:56:00.091', '2024-09-22 22:56:00.091', 1),
	(122, '2024-09-22 22:56:00.088', 1, 6, 1, 0, '2024-09-22 22:56:00.091', '2024-09-22 22:56:00.091', 1),
	(123, '2024-09-22 22:56:00.088', 1, 14, 1, 0, '2024-09-22 22:56:00.091', '2024-09-22 22:56:00.091', 1),
	(124, '2024-09-22 22:56:00.088', 1, 10, 1, 0, '2024-09-22 22:56:00.091', '2024-09-22 22:56:00.091', 1),
	(125, '2024-09-22 22:56:00.088', 1, 13, 1, 0, '2024-09-22 22:56:00.091', '2024-09-22 22:56:00.091', 1),
	(126, '2024-09-22 22:56:00.088', 1, 15, 1, 0, '2024-09-22 22:56:00.091', '2024-09-22 22:56:00.091', 1),
	(127, '2024-09-22 22:56:00.088', 1, 12, 1, 0, '2024-09-22 22:56:00.091', '2024-09-22 22:56:00.091', 1),
	(128, '2024-09-22 22:56:00.088', 1, 16, 1, 0, '2024-09-22 22:56:00.091', '2024-09-22 22:56:00.091', 1),
	(129, '2024-09-22 22:56:00.088', 1, 17, 1, 0, '2024-09-22 22:56:00.091', '2024-09-22 22:56:00.091', 1),
	(130, '2024-09-22 22:56:00.096', 1, 18, 1, 0, '2024-09-22 22:56:00.098', '2024-09-22 22:56:00.098', 1),
	(131, '2024-09-23 06:54:00.155', 1, 6, 1, 0, '2024-09-23 06:54:00.157', '2024-09-23 06:54:00.157', 1),
	(132, '2024-09-23 06:54:00.155', 1, 17, 1, 0, '2024-09-23 06:54:00.157', '2024-09-23 06:54:00.157', 1),
	(133, '2024-09-23 06:54:00.155', 1, 15, 1, 0, '2024-09-23 06:54:00.157', '2024-09-23 06:54:00.157', 1),
	(134, '2024-09-23 06:54:00.155', 1, 18, 1, 0, '2024-09-23 06:54:00.157', '2024-09-23 06:54:00.157', 1),
	(135, '2024-09-23 06:54:00.158', 1, 13, 1, 0, '2024-09-23 06:54:00.160', '2024-09-23 06:54:00.160', 1),
	(136, '2024-09-23 06:54:00.155', 1, 12, 1, 0, '2024-09-23 06:54:00.157', '2024-09-23 06:54:00.157', 1),
	(137, '2024-09-23 06:54:00.313', 1, 14, 1, 0, '2024-09-23 06:54:00.314', '2024-09-23 06:54:00.314', 1),
	(138, '2024-09-23 06:54:00.331', 1, 11, 1, 0, '2024-09-23 06:54:00.334', '2024-09-23 06:54:00.334', 1),
	(139, '2024-09-23 06:54:00.332', 1, 16, 1, 0, '2024-09-23 06:54:00.336', '2024-09-23 06:54:00.336', 1),
	(140, '2024-09-23 06:54:00.332', 1, 10, 1, 0, '2024-09-23 06:54:00.335', '2024-09-23 06:54:00.335', 1),
	(141, '2024-09-23 07:22:00.144', 1, 16, 1, 0, '2024-09-23 07:22:00.146', '2024-09-23 07:22:00.146', 1),
	(142, '2024-09-23 07:22:00.144', 1, 15, 1, 0, '2024-09-23 07:22:00.146', '2024-09-23 07:22:00.146', 1),
	(143, '2024-09-23 07:22:00.143', 1, 18, 1, 0, '2024-09-23 07:22:00.146', '2024-09-23 07:22:00.146', 1),
	(144, '2024-09-23 07:22:00.144', 1, 12, 1, 0, '2024-09-23 07:22:00.148', '2024-09-23 07:22:00.148', 1),
	(145, '2024-09-23 07:22:00.143', 1, 6, 1, 0, '2024-09-23 07:22:00.146', '2024-09-23 07:22:00.146', 1),
	(146, '2024-09-23 07:22:00.144', 1, 10, 1, 0, '2024-09-23 07:22:00.149', '2024-09-23 07:22:00.149', 1),
	(147, '2024-09-23 07:22:00.143', 1, 17, 1, 0, '2024-09-23 07:22:00.149', '2024-09-23 07:22:00.149', 1),
	(148, '2024-09-23 07:22:00.175', 1, 13, 1, 0, '2024-09-23 07:22:00.176', '2024-09-23 07:22:00.176', 1),
	(149, '2024-09-23 07:22:00.175', 1, 14, 1, 0, '2024-09-23 07:22:00.176', '2024-09-23 07:22:00.176', 1),
	(150, '2024-09-23 07:22:00.175', 1, 11, 1, 0, '2024-09-23 07:22:00.176', '2024-09-23 07:22:00.176', 1),
	(151, '2024-09-23 07:25:00.079', 1, 1, 1, 0, '2024-09-23 07:25:00.081', '2024-09-23 07:25:00.081', 1),
	(152, '2024-09-23 07:27:00.218', 1, 6, 1, 0, '2024-09-23 07:27:00.223', '2024-09-23 07:27:00.223', 1),
	(153, '2024-09-23 07:27:00.219', 1, 16, 1, 0, '2024-09-23 07:27:00.223', '2024-09-23 07:27:00.223', 1),
	(154, '2024-09-23 07:27:00.219', 1, 13, 1, 0, '2024-09-23 07:27:00.223', '2024-09-23 07:27:00.223', 1),
	(155, '2024-09-23 07:27:00.219', 1, 15, 1, 0, '2024-09-23 07:27:00.223', '2024-09-23 07:27:00.223', 1),
	(156, '2024-09-23 07:27:00.219', 1, 18, 1, 0, '2024-09-23 07:27:00.228', '2024-09-23 07:27:00.228', 1),
	(157, '2024-09-23 07:27:00.219', 1, 17, 1, 0, '2024-09-23 07:27:00.228', '2024-09-23 07:27:00.228', 1),
	(158, '2024-09-23 07:27:00.219', 1, 14, 1, 0, '2024-09-23 07:27:00.228', '2024-09-23 07:27:00.228', 1),
	(159, '2024-09-23 07:27:00.219', 1, 10, 1, 0, '2024-09-23 07:27:00.229', '2024-09-23 07:27:00.229', 1),
	(160, '2024-09-23 07:27:00.219', 1, 12, 1, 0, '2024-09-23 07:27:00.229', '2024-09-23 07:27:00.229', 1),
	(161, '2024-09-23 07:27:00.219', 1, 11, 1, 0, '2024-09-23 07:27:00.229', '2024-09-23 07:27:00.229', 1),
	(162, '2024-09-23 07:49:00.196', 3, 1, 1, 0, '2024-09-23 07:49:00.199', '2024-09-23 07:49:00.199', 1),
	(163, '2024-09-23 07:51:00.085', 1, 6, 1, 0, '2024-09-23 07:51:00.088', '2024-09-23 07:51:00.088', 1),
	(164, '2024-09-23 07:51:00.085', 1, 18, 1, 0, '2024-09-23 07:51:00.088', '2024-09-23 07:51:00.088', 1),
	(165, '2024-09-23 07:51:00.085', 1, 15, 1, 0, '2024-09-23 07:51:00.089', '2024-09-23 07:51:00.089', 1),
	(166, '2024-09-23 07:51:00.085', 1, 12, 1, 0, '2024-09-23 07:51:00.089', '2024-09-23 07:51:00.089', 1),
	(167, '2024-09-23 07:51:00.084', 1, 10, 1, 0, '2024-09-23 07:51:00.089', '2024-09-23 07:51:00.089', 1),
	(168, '2024-09-23 07:51:00.084', 1, 16, 1, 0, '2024-09-23 07:51:00.089', '2024-09-23 07:51:00.089', 1),
	(169, '2024-09-23 07:51:00.099', 1, 13, 1, 0, '2024-09-23 07:51:00.100', '2024-09-23 07:51:00.100', 1),
	(170, '2024-09-23 07:51:00.118', 1, 17, 1, 0, '2024-09-23 07:51:00.119', '2024-09-23 07:51:00.119', 1),
	(171, '2024-09-23 07:51:00.124', 1, 11, 1, 0, '2024-09-23 07:51:00.126', '2024-09-23 07:51:00.126', 1),
	(172, '2024-09-23 07:51:00.105', 1, 14, 1, 0, '2024-09-23 07:51:00.107', '2024-09-23 07:51:00.107', 1),
	(173, '2024-09-23 07:54:00.067', 1, 15, 1, 0, '2024-09-23 07:54:00.071', '2024-09-23 07:54:00.071', 1),
	(174, '2024-09-23 07:54:00.068', 1, 13, 1, 0, '2024-09-23 07:54:00.072', '2024-09-23 07:54:00.072', 1),
	(175, '2024-09-23 07:54:00.068', 1, 12, 1, 0, '2024-09-23 07:54:00.072', '2024-09-23 07:54:00.072', 1),
	(176, '2024-09-23 07:54:00.068', 1, 17, 1, 0, '2024-09-23 07:54:00.072', '2024-09-23 07:54:00.072', 1),
	(177, '2024-09-23 07:54:00.068', 1, 11, 1, 0, '2024-09-23 07:54:00.072', '2024-09-23 07:54:00.072', 1),
	(178, '2024-09-23 07:54:00.068', 1, 6, 1, 0, '2024-09-23 07:54:00.072', '2024-09-23 07:54:00.072', 1),
	(179, '2024-09-23 07:54:00.068', 1, 18, 1, 0, '2024-09-23 07:54:00.072', '2024-09-23 07:54:00.072', 1),
	(180, '2024-09-23 07:54:00.071', 1, 10, 1, 0, '2024-09-23 07:54:00.072', '2024-09-23 07:54:00.072', 1),
	(181, '2024-09-23 07:54:00.068', 1, 14, 1, 0, '2024-09-23 07:54:00.071', '2024-09-23 07:54:00.071', 1),
	(182, '2024-09-23 07:54:00.068', 1, 16, 1, 0, '2024-09-23 07:54:00.074', '2024-09-23 07:54:00.074', 1),
	(183, '2024-09-23 08:05:05.124', 1, 11, 1, 0, '2024-09-23 08:05:05.128', '2024-09-23 08:05:05.128', 1),
	(184, '2024-09-23 08:05:05.124', 1, 16, 1, 0, '2024-09-23 08:05:05.128', '2024-09-23 08:05:05.128', 1),
	(185, '2024-09-23 08:05:05.124', 1, 13, 1, 0, '2024-09-23 08:05:05.128', '2024-09-23 08:05:05.128', 1),
	(186, '2024-09-23 08:05:05.124', 1, 18, 1, 0, '2024-09-23 08:05:05.128', '2024-09-23 08:05:05.128', 1),
	(187, '2024-09-23 08:05:05.124', 1, 15, 1, 0, '2024-09-23 08:05:05.128', '2024-09-23 08:05:05.128', 1),
	(188, '2024-09-23 08:05:05.128', 1, 17, 1, 0, '2024-09-23 08:05:05.130', '2024-09-23 08:05:05.130', 1),
	(189, '2024-09-23 08:05:05.273', 1, 12, 1, 0, '2024-09-23 08:05:05.276', '2024-09-23 08:05:05.276', 1),
	(190, '2024-09-23 08:05:05.273', 1, 10, 1, 0, '2024-09-23 08:05:05.276', '2024-09-23 08:05:05.276', 1),
	(191, '2024-09-23 08:05:05.273', 1, 14, 1, 0, '2024-09-23 08:05:05.276', '2024-09-23 08:05:05.276', 1),
	(192, '2024-09-23 08:05:05.273', 1, 6, 1, 0, '2024-09-23 08:05:05.276', '2024-09-23 08:05:05.276', 1),
	(193, '2024-09-23 09:41:00.110', 1, 14, 1, 0, '2024-09-23 09:41:00.113', '2024-09-23 09:41:00.113', 1),
	(194, '2024-09-23 09:41:00.110', 1, 13, 1, 0, '2024-09-23 09:41:00.116', '2024-09-23 09:41:00.116', 1),
	(195, '2024-09-23 09:41:00.109', 1, 6, 1, 0, '2024-09-23 09:41:00.113', '2024-09-23 09:41:00.113', 1),
	(196, '2024-09-23 09:41:00.110', 1, 17, 1, 0, '2024-09-23 09:41:00.113', '2024-09-23 09:41:00.113', 1),
	(197, '2024-09-23 09:41:00.110', 1, 16, 1, 0, '2024-09-23 09:41:00.113', '2024-09-23 09:41:00.113', 1),
	(198, '2024-09-23 09:41:00.110', 1, 18, 1, 0, '2024-09-23 09:41:00.116', '2024-09-23 09:41:00.116', 1),
	(199, '2024-09-23 09:41:00.110', 1, 11, 1, 0, '2024-09-23 09:41:00.116', '2024-09-23 09:41:00.116', 1),
	(200, '2024-09-23 09:41:00.110', 1, 12, 1, 0, '2024-09-23 09:41:00.116', '2024-09-23 09:41:00.116', 1),
	(201, '2024-09-23 09:41:00.114', 1, 10, 1, 0, '2024-09-23 09:41:00.116', '2024-09-23 09:41:00.116', 1),
	(202, '2024-09-23 09:41:00.110', 1, 15, 1, 0, '2024-09-23 09:41:00.116', '2024-09-23 09:41:00.116', 1),
	(203, '2024-09-23 11:07:00.159', 1, 12, 1, 0, '2024-09-23 11:07:00.162', '2024-09-23 11:07:00.162', 1),
	(204, '2024-09-23 11:07:00.159', 1, 10, 1, 0, '2024-09-23 11:07:00.162', '2024-09-23 11:07:00.162', 1),
	(205, '2024-09-23 11:07:00.159', 1, 15, 1, 0, '2024-09-23 11:07:00.162', '2024-09-23 11:07:00.162', 1),
	(206, '2024-09-23 11:07:00.238', 1, 13, 1, 0, '2024-09-23 11:07:00.240', '2024-09-23 11:07:00.240', 1),
	(207, '2024-09-23 11:07:00.238', 1, 14, 1, 0, '2024-09-23 11:07:00.240', '2024-09-23 11:07:00.240', 1),
	(208, '2024-09-23 11:07:00.238', 1, 6, 1, 0, '2024-09-23 11:07:00.241', '2024-09-23 11:07:00.241', 1),
	(209, '2024-09-23 11:07:00.238', 1, 11, 1, 0, '2024-09-23 11:07:00.240', '2024-09-23 11:07:00.240', 1),
	(210, '2024-09-23 11:13:00.084', 1, 6, 1, 0, '2024-09-23 11:13:00.091', '2024-09-23 11:13:00.091', 1),
	(211, '2024-09-23 11:13:00.085', 1, 12, 1, 0, '2024-09-23 11:13:00.091', '2024-09-23 11:13:00.091', 1),
	(212, '2024-09-23 11:13:00.085', 1, 15, 1, 0, '2024-09-23 11:13:00.091', '2024-09-23 11:13:00.091', 1),
	(213, '2024-09-23 11:13:00.135', 1, 11, 1, 0, '2024-09-23 11:13:00.136', '2024-09-23 11:13:00.136', 1),
	(214, '2024-09-23 11:13:00.142', 1, 10, 1, 0, '2024-09-23 11:13:00.144', '2024-09-23 11:13:00.144', 1),
	(215, '2024-09-23 11:13:00.134', 1, 14, 1, 0, '2024-09-23 11:13:00.135', '2024-09-23 11:13:00.135', 1),
	(216, '2024-09-23 11:13:00.175', 1, 13, 1, 0, '2024-09-23 11:13:00.176', '2024-09-23 11:13:00.176', 1),
	(217, '2024-09-23 11:15:00.094', 1, 10, 1, 0, '2024-09-23 11:15:00.096', '2024-09-23 11:15:00.096', 1),
	(218, '2024-09-23 11:15:00.095', 1, 13, 1, 0, '2024-09-23 11:15:00.097', '2024-09-23 11:15:00.097', 1),
	(219, '2024-09-23 11:15:00.096', 1, 15, 1, 0, '2024-09-23 11:15:00.100', '2024-09-23 11:15:00.100', 1),
	(220, '2024-09-23 11:15:00.094', 1, 6, 1, 0, '2024-09-23 11:15:00.096', '2024-09-23 11:15:00.096', 1),
	(221, '2024-09-23 11:15:00.095', 1, 12, 1, 0, '2024-09-23 11:15:00.097', '2024-09-23 11:15:00.097', 1),
	(222, '2024-09-23 11:15:00.096', 1, 14, 1, 0, '2024-09-23 11:15:00.101', '2024-09-23 11:15:00.101', 1),
	(223, '2024-09-23 11:15:00.095', 1, 11, 1, 0, '2024-09-23 11:15:00.101', '2024-09-23 11:15:00.101', 1),
	(224, '2024-09-23 11:35:00.130', 1, 12, 1, 0, '2024-09-23 11:35:00.133', '2024-09-23 11:35:00.133', 1),
	(225, '2024-09-23 11:35:00.130', 1, 15, 1, 0, '2024-09-23 11:35:00.133', '2024-09-23 11:35:00.133', 1),
	(226, '2024-09-23 11:35:00.130', 1, 14, 1, 0, '2024-09-23 11:35:00.134', '2024-09-23 11:35:00.134', 1),
	(227, '2024-09-23 11:35:00.130', 1, 10, 1, 0, '2024-09-23 11:35:00.133', '2024-09-23 11:35:00.133', 1),
	(228, '2024-09-23 11:35:00.141', 1, 6, 1, 0, '2024-09-23 11:35:00.143', '2024-09-23 11:35:00.143', 1),
	(229, '2024-09-23 11:35:00.141', 1, 11, 1, 0, '2024-09-23 11:35:00.144', '2024-09-23 11:35:00.144', 1),
	(230, '2024-09-23 11:35:00.143', 1, 13, 1, 0, '2024-09-23 11:35:00.145', '2024-09-23 11:35:00.145', 1),
	(231, '2024-09-23 11:53:00.132', 1, 15, 1, 0, '2024-09-23 11:53:00.135', '2024-09-23 11:53:00.135', 1),
	(232, '2024-09-23 11:53:00.132', 1, 13, 1, 0, '2024-09-23 11:53:00.140', '2024-09-23 11:53:00.140', 1),
	(233, '2024-09-23 11:53:00.132', 1, 6, 1, 0, '2024-09-23 11:53:00.135', '2024-09-23 11:53:00.135', 1),
	(234, '2024-09-23 11:53:00.132', 1, 10, 1, 0, '2024-09-23 11:53:00.135', '2024-09-23 11:53:00.135', 1),
	(235, '2024-09-23 11:53:00.132', 1, 14, 1, 0, '2024-09-23 11:53:00.135', '2024-09-23 11:53:00.135', 1),
	(236, '2024-09-23 11:53:00.133', 1, 11, 1, 0, '2024-09-23 11:53:00.140', '2024-09-23 11:53:00.140', 1),
	(237, '2024-09-23 11:53:00.132', 1, 12, 1, 0, '2024-09-23 11:53:00.140', '2024-09-23 11:53:00.140', 1),
	(238, '2024-09-23 12:38:00.131', 1, 6, 1, 0, '2024-09-23 12:38:00.134', '2024-09-23 12:38:00.134', 1),
	(239, '2024-09-23 12:38:00.131', 1, 15, 1, 0, '2024-09-23 12:38:00.134', '2024-09-23 12:38:00.134', 1),
	(240, '2024-09-23 12:38:00.131', 1, 13, 1, 0, '2024-09-23 12:38:00.134', '2024-09-23 12:38:00.134', 1),
	(241, '2024-09-23 12:38:00.206', 1, 14, 1, 0, '2024-09-23 12:38:00.209', '2024-09-23 12:38:00.209', 1),
	(242, '2024-09-23 12:38:00.206', 1, 11, 1, 0, '2024-09-23 12:38:00.209', '2024-09-23 12:38:00.209', 1),
	(243, '2024-09-23 12:38:00.207', 1, 10, 1, 0, '2024-09-23 12:38:00.209', '2024-09-23 12:38:00.209', 1),
	(244, '2024-09-23 12:38:00.207', 1, 12, 1, 0, '2024-09-23 12:38:00.209', '2024-09-23 12:38:00.209', 1),
	(245, '2024-09-23 12:42:00.125', 1, 12, 1, 0, '2024-09-23 12:42:00.127', '2024-09-23 12:42:00.127', 1),
	(246, '2024-09-23 12:42:00.125', 1, 10, 1, 0, '2024-09-23 12:42:00.127', '2024-09-23 12:42:00.127', 1),
	(247, '2024-09-23 12:42:00.128', 1, 11, 1, 0, '2024-09-23 12:42:00.131', '2024-09-23 12:42:00.131', 1),
	(248, '2024-09-23 12:42:00.125', 1, 15, 1, 0, '2024-09-23 12:42:00.127', '2024-09-23 12:42:00.127', 1),
	(249, '2024-09-23 12:42:00.125', 1, 13, 1, 0, '2024-09-23 12:42:00.127', '2024-09-23 12:42:00.127', 1),
	(250, '2024-09-23 12:42:00.126', 1, 14, 1, 0, '2024-09-23 12:42:00.131', '2024-09-23 12:42:00.131', 1),
	(251, '2024-09-23 12:42:00.135', 1, 6, 1, 0, '2024-09-23 12:42:00.137', '2024-09-23 12:42:00.137', 1),
	(252, '2024-09-23 12:46:00.053', 1, 14, 1, 0, '2024-09-23 12:46:00.056', '2024-09-23 12:46:00.056', 1),
	(253, '2024-09-23 12:46:00.053', 1, 12, 1, 0, '2024-09-23 12:46:00.056', '2024-09-23 12:46:00.056', 1),
	(254, '2024-09-23 12:46:00.054', 1, 11, 1, 0, '2024-09-23 12:46:00.056', '2024-09-23 12:46:00.056', 1),
	(255, '2024-09-23 12:46:00.053', 1, 13, 1, 0, '2024-09-23 12:46:00.056', '2024-09-23 12:46:00.056', 1),
	(256, '2024-09-23 12:46:00.053', 1, 6, 1, 0, '2024-09-23 12:46:00.056', '2024-09-23 12:46:00.056', 1),
	(257, '2024-09-23 12:46:00.057', 1, 15, 1, 0, '2024-09-23 12:46:00.059', '2024-09-23 12:46:00.059', 1),
	(258, '2024-09-23 12:46:00.053', 1, 10, 1, 0, '2024-09-23 12:46:00.057', '2024-09-23 12:46:00.057', 1),
	(259, '2024-09-23 12:48:00.136', 1, 6, 1, 0, '2024-09-23 12:48:00.139', '2024-09-23 12:48:00.139', 1),
	(260, '2024-09-23 12:48:00.133', 1, 14, 1, 0, '2024-09-23 12:48:00.135', '2024-09-23 12:48:00.135', 1),
	(261, '2024-09-23 12:48:00.133', 1, 10, 1, 0, '2024-09-23 12:48:00.135', '2024-09-23 12:48:00.135', 1),
	(262, '2024-09-23 12:48:00.133', 1, 15, 1, 0, '2024-09-23 12:48:00.135', '2024-09-23 12:48:00.135', 1),
	(263, '2024-09-23 12:48:00.133', 1, 13, 1, 0, '2024-09-23 12:48:00.135', '2024-09-23 12:48:00.135', 1),
	(264, '2024-09-23 12:48:00.136', 1, 12, 1, 0, '2024-09-23 12:48:00.139', '2024-09-23 12:48:00.139', 1),
	(265, '2024-09-23 12:48:00.137', 1, 11, 1, 0, '2024-09-23 12:48:00.139', '2024-09-23 12:48:00.139', 1),
	(266, '2024-09-23 12:52:00.061', 1, 10, 1, 0, '2024-09-23 12:52:00.064', '2024-09-23 12:52:00.064', 1),
	(267, '2024-09-23 12:52:00.061', 1, 11, 1, 0, '2024-09-23 12:52:00.064', '2024-09-23 12:52:00.064', 1),
	(268, '2024-09-23 12:52:00.061', 1, 6, 1, 0, '2024-09-23 12:52:00.065', '2024-09-23 12:52:00.065', 1),
	(269, '2024-09-23 12:52:00.061', 1, 14, 1, 0, '2024-09-23 12:52:00.066', '2024-09-23 12:52:00.066', 1),
	(270, '2024-09-23 12:52:00.061', 1, 13, 1, 0, '2024-09-23 12:52:00.066', '2024-09-23 12:52:00.066', 1),
	(271, '2024-09-23 12:52:00.061', 1, 12, 1, 0, '2024-09-23 12:52:00.066', '2024-09-23 12:52:00.066', 1),
	(272, '2024-09-23 12:52:00.069', 1, 15, 1, 0, '2024-09-23 12:52:00.070', '2024-09-23 12:52:00.070', 1),
	(273, '2024-09-23 12:58:00.098', 1, 14, 1, 0, '2024-09-23 12:58:00.100', '2024-09-23 12:58:00.100', 1),
	(274, '2024-09-23 12:58:00.098', 1, 10, 1, 0, '2024-09-23 12:58:00.100', '2024-09-23 12:58:00.100', 1),
	(275, '2024-09-23 12:58:00.098', 1, 13, 1, 0, '2024-09-23 12:58:00.100', '2024-09-23 12:58:00.100', 1),
	(276, '2024-09-23 12:58:00.098', 1, 15, 1, 0, '2024-09-23 12:58:00.100', '2024-09-23 12:58:00.100', 1),
	(277, '2024-09-23 12:58:00.111', 1, 12, 1, 0, '2024-09-23 12:58:00.112', '2024-09-23 12:58:00.112', 1),
	(278, '2024-09-23 12:58:00.111', 1, 6, 1, 0, '2024-09-23 12:58:00.112', '2024-09-23 12:58:00.112', 1),
	(279, '2024-09-23 12:58:00.131', 1, 11, 1, 0, '2024-09-23 12:58:00.132', '2024-09-23 12:58:00.132', 1),
	(280, '2024-09-23 13:00:00.083', 1, 14, 1, 0, '2024-09-23 13:00:00.084', '2024-09-23 13:00:00.084', 1),
	(281, '2024-09-23 13:00:00.075', 1, 15, 1, 0, '2024-09-23 13:00:00.078', '2024-09-23 13:00:00.078', 1),
	(282, '2024-09-23 13:00:00.081', 1, 12, 1, 0, '2024-09-23 13:00:00.083', '2024-09-23 13:00:00.083', 1),
	(283, '2024-09-23 13:00:00.075', 1, 11, 1, 0, '2024-09-23 13:00:00.078', '2024-09-23 13:00:00.078', 1),
	(284, '2024-09-23 13:00:00.081', 1, 6, 1, 0, '2024-09-23 13:00:00.083', '2024-09-23 13:00:00.083', 1),
	(285, '2024-09-23 13:00:00.092', 1, 10, 1, 0, '2024-09-23 13:00:00.093', '2024-09-23 13:00:00.093', 1),
	(286, '2024-09-23 13:00:00.092', 1, 13, 1, 0, '2024-09-23 13:00:00.094', '2024-09-23 13:00:00.094', 1),
	(287, '2024-09-23 13:04:00.086', 1, 6, 1, 0, '2024-09-23 13:04:00.088', '2024-09-23 13:04:00.088', 1),
	(288, '2024-09-23 13:04:00.086', 1, 15, 1, 0, '2024-09-23 13:04:00.092', '2024-09-23 13:04:00.092', 1),
	(289, '2024-09-23 13:04:00.086', 1, 10, 1, 0, '2024-09-23 13:04:00.088', '2024-09-23 13:04:00.088', 1),
	(290, '2024-09-23 13:04:00.086', 1, 12, 1, 0, '2024-09-23 13:04:00.088', '2024-09-23 13:04:00.088', 1),
	(291, '2024-09-23 13:04:00.086', 1, 11, 1, 0, '2024-09-23 13:04:00.088', '2024-09-23 13:04:00.088', 1),
	(292, '2024-09-23 13:04:00.086', 1, 14, 1, 0, '2024-09-23 13:04:00.093', '2024-09-23 13:04:00.093', 1),
	(293, '2024-09-23 13:04:00.088', 1, 13, 1, 0, '2024-09-23 13:04:00.093', '2024-09-23 13:04:00.093', 1),
	(294, '2024-09-23 13:09:00.112', 1, 6, 1, 0, '2024-09-23 13:09:00.115', '2024-09-23 13:09:00.115', 1),
	(295, '2024-09-23 13:09:00.112', 1, 14, 1, 0, '2024-09-23 13:09:00.116', '2024-09-23 13:09:00.116', 1),
	(296, '2024-09-23 13:09:00.112', 1, 15, 1, 0, '2024-09-23 13:09:00.115', '2024-09-23 13:09:00.115', 1),
	(297, '2024-09-23 13:09:00.112', 1, 13, 1, 0, '2024-09-23 13:09:00.120', '2024-09-23 13:09:00.120', 1),
	(298, '2024-09-23 13:09:00.117', 1, 11, 1, 0, '2024-09-23 13:09:00.120', '2024-09-23 13:09:00.120', 1),
	(299, '2024-09-23 13:09:00.112', 1, 12, 1, 0, '2024-09-23 13:09:00.116', '2024-09-23 13:09:00.116', 1),
	(300, '2024-09-23 13:09:00.112', 1, 10, 1, 0, '2024-09-23 13:09:00.120', '2024-09-23 13:09:00.120', 1),
	(301, '2024-09-23 14:05:00.207', 1, 6, 1, 0, '2024-09-23 14:05:00.212', '2024-09-23 14:05:00.212', 1),
	(302, '2024-09-23 14:05:00.207', 1, 13, 1, 0, '2024-09-23 14:05:00.212', '2024-09-23 14:05:00.212', 1),
	(303, '2024-09-23 14:05:00.208', 1, 11, 1, 0, '2024-09-23 14:05:00.212', '2024-09-23 14:05:00.212', 1),
	(304, '2024-09-23 14:05:00.240', 1, 12, 1, 0, '2024-09-23 14:05:00.241', '2024-09-23 14:05:00.241', 1),
	(305, '2024-09-23 14:05:00.240', 1, 15, 1, 0, '2024-09-23 14:05:00.241', '2024-09-23 14:05:00.241', 1),
	(306, '2024-09-23 14:05:00.241', 1, 10, 1, 0, '2024-09-23 14:05:00.242', '2024-09-23 14:05:00.242', 1),
	(307, '2024-09-23 14:05:00.312', 1, 14, 1, 0, '2024-09-23 14:05:00.314', '2024-09-23 14:05:00.314', 1),
	(308, '2024-09-23 14:08:00.085', 1, 10, 1, 0, '2024-09-23 14:08:00.087', '2024-09-23 14:08:00.087', 1),
	(309, '2024-09-23 14:08:00.085', 1, 6, 1, 0, '2024-09-23 14:08:00.087', '2024-09-23 14:08:00.087', 1),
	(310, '2024-09-23 14:08:00.085', 1, 14, 1, 0, '2024-09-23 14:08:00.087', '2024-09-23 14:08:00.087', 1),
	(311, '2024-09-23 14:08:00.085', 1, 11, 1, 0, '2024-09-23 14:08:00.087', '2024-09-23 14:08:00.087', 1),
	(312, '2024-09-23 14:08:00.085', 1, 12, 1, 0, '2024-09-23 14:08:00.087', '2024-09-23 14:08:00.087', 1),
	(313, '2024-09-23 14:08:00.085', 1, 13, 1, 0, '2024-09-23 14:08:00.087', '2024-09-23 14:08:00.087', 1),
	(314, '2024-09-23 14:08:00.088', 1, 15, 1, 0, '2024-09-23 14:08:00.090', '2024-09-23 14:08:00.090', 1),
	(315, '2024-09-23 14:18:07.460', 1, 12, 1, 0, '2024-09-23 14:18:07.467', '2024-09-23 14:18:07.467', 1),
	(316, '2024-09-23 14:18:07.460', 1, 15, 1, 0, '2024-09-23 14:18:07.469', '2024-09-23 14:18:07.469', 1),
	(317, '2024-09-23 14:18:07.460', 1, 6, 1, 0, '2024-09-23 14:18:07.467', '2024-09-23 14:18:07.467', 1),
	(318, '2024-09-23 14:18:07.527', 1, 11, 1, 0, '2024-09-23 14:18:07.530', '2024-09-23 14:18:07.530', 1),
	(319, '2024-09-23 14:18:07.529', 1, 10, 1, 0, '2024-09-23 14:18:07.537', '2024-09-23 14:18:07.537', 1),
	(320, '2024-09-23 14:18:07.559', 1, 14, 1, 0, '2024-09-23 14:18:07.561', '2024-09-23 14:18:07.561', 1),
	(321, '2024-09-23 14:18:07.559', 1, 13, 1, 0, '2024-09-23 14:18:07.561', '2024-09-23 14:18:07.561', 1),
	(322, '2024-09-23 14:18:07.632', 1, 11, 1, 0, '2024-09-23 14:18:07.639', '2024-09-23 14:18:07.639', 1),
	(323, '2024-09-23 14:18:07.632', 1, 6, 1, 0, '2024-09-23 14:18:07.639', '2024-09-23 14:18:07.639', 1),
	(324, '2024-09-23 14:18:07.632', 1, 13, 1, 0, '2024-09-23 14:18:07.639', '2024-09-23 14:18:07.639', 1),
	(325, '2024-09-23 14:18:07.631', 1, 12, 1, 0, '2024-09-23 14:18:07.639', '2024-09-23 14:18:07.639', 1),
	(326, '2024-09-23 14:18:07.631', 1, 14, 1, 0, '2024-09-23 14:18:07.639', '2024-09-23 14:18:07.639', 1),
	(327, '2024-09-23 14:18:07.632', 1, 10, 1, 0, '2024-09-23 14:18:07.640', '2024-09-23 14:18:07.640', 1),
	(328, '2024-09-23 14:18:07.640', 1, 15, 1, 0, '2024-09-23 14:18:07.641', '2024-09-23 14:18:07.641', 1),
	(329, '2024-09-23 14:20:00.108', 1, 10, 1, 0, '2024-09-23 14:20:00.109', '2024-09-23 14:20:00.109', 1),
	(330, '2024-09-23 14:20:00.108', 1, 15, 1, 0, '2024-09-23 14:20:00.109', '2024-09-23 14:20:00.109', 1),
	(331, '2024-09-23 14:20:00.110', 1, 13, 1, 0, '2024-09-23 14:20:00.111', '2024-09-23 14:20:00.111', 1),
	(332, '2024-09-23 14:20:00.119', 1, 14, 1, 0, '2024-09-23 14:20:00.121', '2024-09-23 14:20:00.121', 1),
	(333, '2024-09-23 14:20:00.120', 1, 6, 1, 0, '2024-09-23 14:20:00.122', '2024-09-23 14:20:00.122', 1),
	(334, '2024-09-23 14:20:00.124', 1, 11, 1, 0, '2024-09-23 14:20:00.125', '2024-09-23 14:20:00.125', 1),
	(335, '2024-09-23 14:20:00.125', 1, 12, 1, 0, '2024-09-23 14:20:00.126', '2024-09-23 14:20:00.126', 1);

-- Listage de la structure de table mc_sender_db. templates
DROP TABLE IF EXISTS `templates`;
CREATE TABLE IF NOT EXISTS `templates` (
  `id` int NOT NULL AUTO_INCREMENT,
  `name` varchar(191) COLLATE utf8mb4_unicode_ci DEFAULT NULL,
  `content` varchar(191) COLLATE utf8mb4_unicode_ci NOT NULL,
  `template_type_id` int NOT NULL,
  `channel_id` int NOT NULL,
  `deleted` tinyint(1) NOT NULL DEFAULT '0',
  `created_at` datetime(3) NOT NULL DEFAULT CURRENT_TIMESTAMP(3),
  `updated_at` datetime(3) NOT NULL,
  PRIMARY KEY (`id`),
  KEY `templates_template_type_id_fkey` (`template_type_id`),
  KEY `templates_channel_id_fkey` (`channel_id`),
  CONSTRAINT `templates_channel_id_fkey` FOREIGN KEY (`channel_id`) REFERENCES `channels` (`id`) ON DELETE RESTRICT ON UPDATE CASCADE,
  CONSTRAINT `templates_template_type_id_fkey` FOREIGN KEY (`template_type_id`) REFERENCES `template_types` (`id`) ON DELETE RESTRICT ON UPDATE CASCADE
) ENGINE=InnoDB AUTO_INCREMENT=3 DEFAULT CHARSET=utf8mb4 COLLATE=utf8mb4_unicode_ci;

-- Listage des données de la table mc_sender_db.templates : ~2 rows (environ)
INSERT INTO `templates` (`id`, `name`, `content`, `template_type_id`, `channel_id`, `deleted`, `created_at`, `updated_at`) VALUES
	(1, 'template', 'html', 1, 3, 0, '2024-09-12 11:42:29.000', '2024-09-12 09:54:19.911'),
	(2, 'bro', 'wysiwyg', 1, 1, 0, '2024-09-12 11:43:08.000', '2024-09-12 11:43:09.000');

-- Listage de la structure de table mc_sender_db. template_campaigns
DROP TABLE IF EXISTS `template_campaigns`;
CREATE TABLE IF NOT EXISTS `template_campaigns` (
  `id` int NOT NULL AUTO_INCREMENT,
  `message_id` int NOT NULL,
  `template_id` int NOT NULL,
  `campaign_id` int NOT NULL,
  `title` varchar(191) COLLATE utf8mb4_unicode_ci DEFAULT NULL,
  `description` varchar(191) COLLATE utf8mb4_unicode_ci DEFAULT NULL,
  `link` varchar(191) COLLATE utf8mb4_unicode_ci DEFAULT NULL,
  `btn_txt` varchar(191) COLLATE utf8mb4_unicode_ci DEFAULT NULL,
  `btn_link` varchar(191) COLLATE utf8mb4_unicode_ci DEFAULT NULL,
  `image` varchar(191) COLLATE utf8mb4_unicode_ci DEFAULT NULL,
  `deleted` tinyint(1) NOT NULL DEFAULT '0',
  `created_at` datetime(3) NOT NULL DEFAULT CURRENT_TIMESTAMP(3),
  `updated_at` datetime(3) NOT NULL,
  PRIMARY KEY (`id`),
  KEY `template_campaigns_message_id_fkey` (`message_id`),
  KEY `template_campaigns_template_id_fkey` (`template_id`),
  KEY `template_campaigns_campaign_id_fkey` (`campaign_id`),
  CONSTRAINT `template_campaigns_campaign_id_fkey` FOREIGN KEY (`campaign_id`) REFERENCES `campaigns` (`id`) ON DELETE RESTRICT ON UPDATE CASCADE,
  CONSTRAINT `template_campaigns_message_id_fkey` FOREIGN KEY (`message_id`) REFERENCES `messages` (`id`) ON DELETE RESTRICT ON UPDATE CASCADE,
  CONSTRAINT `template_campaigns_template_id_fkey` FOREIGN KEY (`template_id`) REFERENCES `templates` (`id`) ON DELETE RESTRICT ON UPDATE CASCADE
) ENGINE=InnoDB AUTO_INCREMENT=2 DEFAULT CHARSET=utf8mb4 COLLATE=utf8mb4_unicode_ci;

-- Listage des données de la table mc_sender_db.template_campaigns : ~1 rows (environ)
INSERT INTO `template_campaigns` (`id`, `message_id`, `template_id`, `campaign_id`, `title`, `description`, `link`, `btn_txt`, `btn_link`, `image`, `deleted`, `created_at`, `updated_at`) VALUES
	(1, 1, 1, 1, 'Fait-toi de benefice', 'nnn', 'nnn', 'bb', 'kk', 'iii', 0, '2024-09-17 23:18:17.000', '2024-09-17 23:18:18.000');

-- Listage de la structure de table mc_sender_db. template_types
DROP TABLE IF EXISTS `template_types`;
CREATE TABLE IF NOT EXISTS `template_types` (
  `id` int NOT NULL AUTO_INCREMENT,
  `label` varchar(191) COLLATE utf8mb4_unicode_ci NOT NULL,
  `deleted` tinyint(1) NOT NULL DEFAULT '0',
  `created_at` datetime(3) NOT NULL DEFAULT CURRENT_TIMESTAMP(3),
  `updated_at` datetime(3) NOT NULL,
  PRIMARY KEY (`id`)
) ENGINE=InnoDB AUTO_INCREMENT=2 DEFAULT CHARSET=utf8mb4 COLLATE=utf8mb4_unicode_ci;

-- Listage des données de la table mc_sender_db.template_types : ~0 rows (environ)
INSERT INTO `template_types` (`id`, `label`, `deleted`, `created_at`, `updated_at`) VALUES
	(1, 'Newsletter', 0, '2024-09-12 11:41:48.000', '2024-09-12 11:41:49.000');

-- Listage de la structure de table mc_sender_db. users
DROP TABLE IF EXISTS `users`;
CREATE TABLE IF NOT EXISTS `users` (
  `id` int NOT NULL AUTO_INCREMENT,
  `name` varchar(191) COLLATE utf8mb4_unicode_ci DEFAULT NULL,
  `username` varchar(191) COLLATE utf8mb4_unicode_ci DEFAULT NULL,
  `email` varchar(191) COLLATE utf8mb4_unicode_ci NOT NULL,
  `role` varchar(191) COLLATE utf8mb4_unicode_ci NOT NULL,
  `password` varchar(191) COLLATE utf8mb4_unicode_ci NOT NULL,
  `deleted` tinyint(1) NOT NULL DEFAULT '0',
  `created_at` datetime(3) NOT NULL DEFAULT CURRENT_TIMESTAMP(3),
  `updated_at` datetime(3) NOT NULL,
  PRIMARY KEY (`id`),
  UNIQUE KEY `users_email_key` (`email`)
) ENGINE=InnoDB AUTO_INCREMENT=5 DEFAULT CHARSET=utf8mb4 COLLATE=utf8mb4_unicode_ci;

-- Listage des données de la table mc_sender_db.users : ~2 rows (environ)
INSERT INTO `users` (`id`, `name`, `username`, `email`, `role`, `password`, `deleted`, `created_at`, `updated_at`) VALUES
	(1, 'oklm', 'oklm', 'oklm@gmail.com', 'user', '$2b$10$2KFETurF5Exi/dlGNAJQZ.s7aEe4R3./DPstPvt4wFzStrpdr/yRi', 0, '2024-09-11 23:56:06.058', '2024-09-11 23:56:06.058'),
	(2, 'oklm', 'oklm', 'oklm2@gmail.com', 'user', '$2b$10$K55jKyXj2fxO7ExWdAAQ1ecgN9tOwncDzri14o601yI7dESDPaR3q', 0, '2024-09-11 23:59:05.984', '2024-09-11 23:59:05.984'),
	(3, 'oklmgig', 'mon beau', 'oklmgig@gmail.com', 'user', '$2b$10$MTyon3F7VidfmVBgQEnoBuFEyJ/Hx/lSwsTLKWLHav8u2DWj95TPu', 0, '2024-09-20 18:39:08.043', '2024-09-20 18:39:08.043'),
	(4, 'autre', 'autre', 'autre@gmail.com', 'user', '$2b$10$DYVIHw67R6nFu83T7fZcr.gSSYaWA3Gr4yieTOyGRb8HM0fKOgET2', 0, '2024-09-21 11:56:02.361', '2024-09-21 11:56:02.361');

-- Listage de la structure de table mc_sender_db. user_company
DROP TABLE IF EXISTS `user_company`;
CREATE TABLE IF NOT EXISTS `user_company` (
  `id` int NOT NULL AUTO_INCREMENT,
  `user_id` int NOT NULL,
  `company_id` int NOT NULL,
  `deleted` tinyint(1) NOT NULL DEFAULT '0',
  `created_at` datetime(3) NOT NULL DEFAULT CURRENT_TIMESTAMP(3),
  `updated_at` datetime(3) NOT NULL,
  PRIMARY KEY (`id`),
  UNIQUE KEY `user_company_user_id_company_id_key` (`user_id`,`company_id`),
  KEY `user_company_company_id_fkey` (`company_id`),
  CONSTRAINT `user_company_company_id_fkey` FOREIGN KEY (`company_id`) REFERENCES `companies` (`id`) ON DELETE RESTRICT ON UPDATE CASCADE,
  CONSTRAINT `user_company_user_id_fkey` FOREIGN KEY (`user_id`) REFERENCES `users` (`id`) ON DELETE RESTRICT ON UPDATE CASCADE
) ENGINE=InnoDB AUTO_INCREMENT=17 DEFAULT CHARSET=utf8mb4 COLLATE=utf8mb4_unicode_ci;

-- Listage des données de la table mc_sender_db.user_company : ~2 rows (environ)
INSERT INTO `user_company` (`id`, `user_id`, `company_id`, `deleted`, `created_at`, `updated_at`) VALUES
	(15, 2, 2, 0, '2024-09-18 11:10:27.708', '2024-09-18 11:10:27.708'),
	(16, 2, 3, 0, '2024-09-18 11:10:27.708', '2024-09-18 11:10:27.708');

-- Listage de la structure de table mc_sender_db. _prisma_migrations
DROP TABLE IF EXISTS `_prisma_migrations`;
CREATE TABLE IF NOT EXISTS `_prisma_migrations` (
  `id` varchar(36) COLLATE utf8mb4_unicode_ci NOT NULL,
  `checksum` varchar(64) COLLATE utf8mb4_unicode_ci NOT NULL,
  `finished_at` datetime(3) DEFAULT NULL,
  `migration_name` varchar(255) COLLATE utf8mb4_unicode_ci NOT NULL,
  `logs` text COLLATE utf8mb4_unicode_ci,
  `rolled_back_at` datetime(3) DEFAULT NULL,
  `started_at` datetime(3) NOT NULL DEFAULT CURRENT_TIMESTAMP(3),
  `applied_steps_count` int unsigned NOT NULL DEFAULT '0',
  PRIMARY KEY (`id`)
) ENGINE=InnoDB DEFAULT CHARSET=utf8mb4 COLLATE=utf8mb4_unicode_ci;

-- Listage des données de la table mc_sender_db._prisma_migrations : ~6 rows (environ)
INSERT INTO `_prisma_migrations` (`id`, `checksum`, `finished_at`, `migration_name`, `logs`, `rolled_back_at`, `started_at`, `applied_steps_count`) VALUES
	('1b5a2ac4-ded7-4014-ae75-3f9453bdc851', '1f14fb6df8a1a8ad964cd9412016795458e561b21bb4f746e16651d7921ecb64', '2024-09-11 22:07:59.498', '20240911111003_init', NULL, NULL, '2024-09-11 22:07:58.130', 1),
	('32ca4ddf-99d7-43da-9e60-125f87b17e48', '21f3a142a9b5a740a182ae236a42121e4f3b94a7e4cca9e15cfec989339932f6', '2024-09-22 07:04:05.891', '20240922070405_update_message_contact_table', NULL, NULL, '2024-09-22 07:04:05.679', 1),
	('4de57f67-9c08-4b3d-a76e-ee96b245daf6', '58aa7eb52223b884fc3ad99cce14cc235d8cbc246fdf7acdeeb9998a076f148a', '2024-09-11 22:07:59.593', '20240911215346_init3', NULL, NULL, '2024-09-11 22:07:59.537', 1),
	('666b446f-80a0-4652-b978-846302722677', '27cec15996705f2c30eaa00bcd5965ce23854fa06e2f236c38eb81ceb86c4b39', '2024-09-22 11:28:53.472', '20240922112853_make_scheduled_date_optional', NULL, NULL, '2024-09-22 11:28:53.401', 1),
	('752012bc-47a4-47e6-9995-042083ec9065', '4b06e067e6745882b62280f72718e6ceb87d978912887b64e6f4effe5717ad1a', '2024-09-11 22:22:31.365', '20240911222231_ds', NULL, NULL, '2024-09-11 22:22:31.279', 1),
	('ac65dca6-8d08-4074-928a-4c9006a9ef59', 'fe27509a847587a596b8c97d4e8250ebd178d1944e537dd871e5cf8da30e5e21', '2024-09-11 22:19:37.435', '20240911221937_so', NULL, NULL, '2024-09-11 22:19:37.337', 1),
	('c07d0743-faf8-4b54-b72c-202319233911', '450a3b8cac430428ab75799dfd810bdfb9d07615c9f4c431220de7dd5145946a', '2024-09-23 12:08:15.646', '20240923120815_update_company', NULL, NULL, '2024-09-23 12:08:15.533', 1),
	('ca48b246-1d39-4f13-af28-0a5b53a0ed44', '45caa9670f92eb112886faf2e9a2d400a5503e9a84503c130e0988809cd5b6cd', '2024-09-12 15:13:04.180', '20240912151303_add_unique_email', NULL, NULL, '2024-09-12 15:13:03.898', 1),
	('d0e5e902-3668-415e-8243-24154c747acd', 'ce28f65ab8b7bce364f9079a7c013f577db77473ca0b3c6c089e07532bcff522', '2024-09-11 22:37:45.234', '20240911223744_review', NULL, NULL, '2024-09-11 22:37:44.492', 1),
	('d4c4d837-a24d-4edd-bbec-a3d96763df47', '865dde6a0f766faf203c5aa97093054ad5854bdeb780a8033e9ec9ada0fc7e93', '2024-09-11 22:08:06.172', '20240911220806_ok', NULL, NULL, '2024-09-11 22:08:06.116', 1),
	('f953ea4f-b55f-4ca5-9d9f-3789ead18256', '279f15fb0c99a2d5c8b44d8e599624392cd42270f45300a2b07ff47fbc0786b4', '2024-09-11 22:07:59.535', '20240911124921_init2', NULL, NULL, '2024-09-11 22:07:59.500', 1),
	('fefc3e06-8796-4199-8b13-c3eb6af45561', '5fb7bf3a676c2251e43b05b97ef70a902fd200cec34e8c4ec8d0efc31d350834', '2024-09-12 00:54:01.466', '20240912005401_index2key', NULL, NULL, '2024-09-12 00:54:01.380', 1);

/*!40103 SET TIME_ZONE=IFNULL(@OLD_TIME_ZONE, 'system') */;
/*!40101 SET SQL_MODE=IFNULL(@OLD_SQL_MODE, '') */;
/*!40014 SET FOREIGN_KEY_CHECKS=IFNULL(@OLD_FOREIGN_KEY_CHECKS, 1) */;
/*!40101 SET CHARACTER_SET_CLIENT=@OLD_CHARACTER_SET_CLIENT */;
/*!40111 SET SQL_NOTES=IFNULL(@OLD_SQL_NOTES, 1) */;
